key,en,th,de
business_name,Hidden Beach,,
logo_url,,,
status_banner,"Open today – sunset happy hour 5–7pm, live music tonight",,
about,"Barefoot beach bar on Koh Mak's quiet west coast. Cold drinks, warm sand, ""island time"" sunsets.

Kayaks and snorkels at the water's edge — come for one drink, stay for the sunset.",,
heading_about,About us,,
heading_cocktails,Cocktails,,
heading_food,Food,,
food_coming_soon,New menu coming soon,,
activities,"Kayaks and snorkel gear right on our beach. Dive trips, island walks and quiet bays nearby — ask at the bar.",,
maps_url,https://www.google.com/maps/search/?api=1&query=Hidden+Beach+Resort+Koh+Mak,,
rating,4.8★ from 192 Google reviews,,
whatsapp_number,+1 907 215 8419,,
whatsapp_greeting,Hi! I found you via your brochure,,
heading_specials,Specials & events,,
heading_activities,Make a day of it,,
heading_find_us,Find us,,
heading_hours,Opening hours,,
label_open_today,Open today,,
label_closed_today,Closed today,,
label_closed,Closed,,
label_day,Day,,
label_bar,Bar,,
label_kitchen,Kitchen,,
label_maps_button,Open in Google Maps,,
label_whatsapp_button,Chat with us on WhatsApp,,
label_language,Language,,
